<!--
  ~ Copyright (c) 2010-2014. Axon Framework
  ~
  ~ Licensed under the Apache License, Version 2.0 (the "License");
  ~ you may not use this file except in compliance with the License.
  ~ You may obtain a copy of the License at
  ~
  ~     http://www.apache.org/licenses/LICENSE-2.0
  ~
  ~ Unless required by applicable law or agreed to in writing, software
  ~ distributed under the License is distributed on an "AS IS" BASIS,
  ~ WITHOUT WARRANTIES OR CONDITIONS OF ANY KIND, either express or implied.
  ~ See the License for the specific language governing permissions and
  ~ limitations under the License.
  -->

<assembly xmlns="http://maven.apache.org/plugins/maven-assembly-plugin/assembly/1.1.0"
          xmlns:xsi="http://www.w3.org/2001/XMLSchema-instance"
          xsi:schemaLocation="http://maven.apache.org/plugins/maven-assembly-plugin/assembly/1.1.0 http://maven.apache.org/xsd/assembly-1.1.0.xsd">

    <id>full</id>
    <formats>
        <format>zip</format>
    </formats>
    <moduleSets>
        <moduleSet>
            <includes>
                <include>*:axon-integration</include>
                <include>*:axon-core</include>
                <include>*:axon-test</include>
                <include>*:axon-amqp</include>
                <include>*:axon-mongo</include>
                <include>*:axon-distributed-commandbus</include>
            </includes>
            <binaries>
                <outputDirectory>dist</outputDirectory>
                <dependencySets>
                    <dependencySet>
                        <unpack>false</unpack>
                        <outputDirectory>dist/dependencies</outputDirectory>
                        <excludes>
                            <exclude>org.axonframework:*</exclude>
                        </excludes>
                    </dependencySet>
                </dependencySets>
                <unpack>false</unpack>
            </binaries>
            <sources>
                <outputDirectoryMapping>sources/${module.artifactId}/src/</outputDirectoryMapping>
            </sources>
        </moduleSet>
        <moduleSet>
            <includes>
                <include>*:axon-quickstart</include>
            </includes>
            <sources>
                <outputDirectoryMapping>quickstart/src</outputDirectoryMapping>
            </sources>
        </moduleSet>
    </moduleSets>
    <fileSets>
        <fileSet>
            <directory>documentation/target/docbook/publish/en-US/pdf/</directory>
            <outputDirectory>documentation</outputDirectory>
            <includes>
                <include>reference-guide-*.pdf</include>
            </includes>
        </fileSet>
        <fileSet>
            <directory>documentation/target/</directory>
            <outputDirectory>documentation</outputDirectory>
            <includes>
                <include>*html*.zip</include>
            </includes>
        </fileSet>
        <fileSet>
            <directory>/</directory>
            <outputDirectory>/</outputDirectory>
            <includes>
                <include>LICENSE.txt</include>
                <include>README.txt</include>
            </includes>
        </fileSet>
    </fileSets>
    <files>
        <file>
            <source>target/${project.artifactId}-${project.version}-javadoc.jar</source>
            <destName>axon-apidoc-${project.version}.zip</destName>
            <outputDirectory>documentation</outputDirectory>
        </file>
    </files>
</assembly>
