<?xml version="1.0" encoding="UTF-8"?>
<!--
  ~ Copyright (c) 2010. Axon Framework
  ~
  ~ Licensed under the Apache License, Version 2.0 (the "License");
  ~ you may not use this file except in compliance with the License.
  ~ You may obtain a copy of the License at
  ~
  ~     http://www.apache.org/licenses/LICENSE-2.0
  ~
  ~ Unless required by applicable law or agreed to in writing, software
  ~ distributed under the License is distributed on an "AS IS" BASIS,
  ~ WITHOUT WARRANTIES OR CONDITIONS OF ANY KIND, either express or implied.
  ~ See the License for the specific language governing permissions and
  ~ limitations under the License.
  -->

<beans xmlns="http://www.springframework.org/schema/beans"
       xmlns:xsi="http://www.w3.org/2001/XMLSchema-instance" xmlns:flex="http://www.springframework.org/schema/flex"
       xmlns:context="http://www.springframework.org/schema/context"
       xsi:schemaLocation="http://www.springframework.org/schema/beans http://www.springframework.org/schema/beans/spring-beans.xsd http://www.springframework.org/schema/flex http://www.springframework.org/schema/flex/spring-flex-1.0.xsd http://www.springframework.org/schema/context http://www.springframework.org/schema/context/spring-context.xsd">

    <flex:message-broker services-config-path="classpath*:services-config.xml"/>

    <context:component-scan base-package="org.axonframework.examples.addressbook.web"/>

    <bean class="org.springframework.web.servlet.mvc.annotation.DefaultAnnotationHandlerMapping">
        <property name="alwaysUseFullPath" value="true"/>
    </bean>

    <bean class="org.springframework.web.servlet.mvc.annotation.AnnotationMethodHandlerAdapter">
        <property name="alwaysUseFullPath" value="true"/>
    </bean>

</beans>